scenario,noise_ratio,model,mae_m,rmse_m,median_m,p90_m,r2_x,r2_y,train_time_s,infer_ms_per_sample,n_train,n_test
ideal_empty,0.0,KNN,2.5393756538275993,3.0003542777972805,2.2022715545545237,4.859114350305629,0.4295751752906758,0.5892253435684356,0.0033842080156318843,0.0013622523141618016,9569,4102
ideal_empty,0.0,WKNN,2.5703150289055405,3.0352291192992644,2.233974893148648,4.82474866239926,0.413951201147035,0.5818866867526107,0.0018902919837273657,0.0013201487065474073,9569,4102
ideal_empty,0.0,RandomForest,2.4505395916441595,2.871934156158101,2.151922127910778,4.558796014595305,0.4649500595760242,0.6359384155551588,0.7827166669885628,0.009424599712686854,9569,4102
ideal_empty,0.0,LightGBM,2.4030645434255202,2.808044595372783,2.123040093360603,4.420932050603682,0.49636992787057255,0.6441460104461831,3.2843664580141194,0.006907463679305831,9569,4102
ideal_empty,0.0,CNN,2.3636575213155844,2.7402307961472454,2.090214646500196,4.350731145516179,0.5252800633646658,0.6562900220874346,0.638729833997786,0.0002258451993117197,9569,4102
ideal_empty,0.02,KNN,2.5466614262629075,3.007241831230809,2.202271554554524,4.826903759493528,0.42395286682701383,0.5903114245597926,0.0024009580083657056,0.0014448946841135585,9569,4102
ideal_empty,0.02,WKNN,2.5770774547464272,3.040306801300377,2.2476553483713007,4.814832190108399,0.40926137530955853,0.5831901178113859,0.002003666013479233,0.002348549484487792,9569,4102
ideal_empty,0.02,RandomForest,2.4534311409156486,2.8739271143835428,2.1560255992963047,4.566715245442409,0.463566925763247,0.6360676584521185,0.8878347910067532,0.008808396393269744,9569,4102
ideal_empty,0.02,LightGBM,2.4111480575934645,2.8112294982716426,2.1399161734234733,4.452653091973987,0.4932368949887894,0.6453108873989537,3.287513499992201,0.008404325210929339,9569,4102
ideal_empty,0.02,CNN,2.368156554062582,2.748760928405735,2.0926665055071414,4.331644472209707,0.518096366055175,0.6583334679038786,0.6395260830176994,0.0003929280834081789,9569,4102
ideal_empty,0.05,KNN,2.5493747920426637,3.0000102327853666,2.220360331117452,4.870164118610955,0.4308937895661802,0.588142118258399,0.0025156250048894435,0.001397204780004381,9569,4102
ideal_empty,0.05,WKNN,2.579384258847756,3.035054404100525,2.2601349000606232,4.837392443148907,0.41493912416074896,0.5810224060313148,0.001970874989638105,0.0013926743026500407,9569,4102
ideal_empty,0.05,RandomForest,2.4633086935750574,2.876744525146899,2.165883977345284,4.592637074233483,0.4649686650610031,0.6329211743464692,1.0256177500123158,0.008709298389787169,9569,4102
ideal_empty,0.05,LightGBM,2.4227516749439246,2.815035026373185,2.161225419663824,4.444101839404377,0.4930751735088722,0.6431493366573512,3.5445345420157537,0.007679160648134098,9569,4102
ideal_empty,0.05,CNN,2.3691214969266228,2.7470671693008,2.097215021906587,4.325106027134829,0.5208899019192845,0.6565737896435454,0.6362215840199497,0.00020823184066365356,9569,4102
ideal_empty,0.1,KNN,2.5735569444963957,3.0265425705532767,2.247220505424423,4.867939287206934,0.421978298158622,0.579639870460073,0.002106083993567154,0.003251259630718071,9569,4102
ideal_empty,0.1,WKNN,2.609966167128956,3.069930087302297,2.292518407692005,4.845316451362211,0.4042662598383786,0.5685128677433499,0.006671292008832097,0.001355852756462174,9569,4102
ideal_empty,0.1,RandomForest,2.483242427239176,2.89445229690835,2.187588224437003,4.58322409453984,0.46084102076232036,0.6259304389409663,0.9027913329773583,0.008905391754974852,9569,4102
ideal_empty,0.1,LightGBM,2.427620123043871,2.8201389560614123,2.1527972509365036,4.476093295096079,0.49749847355992327,0.6356456990271098,3.338975250022486,0.007110433934811777,9569,4102
ideal_empty,0.1,CNN,2.398171594567819,2.76173741312533,2.1484528445540922,4.34798834542461,0.5211599644068727,0.6475422246749507,0.6379746249876916,0.00019909995689766543,9569,4102
ideal_empty,0.2,KNN,2.6299183722631403,3.0647230133190386,2.344387410775327,4.864202564299068,0.4107934040735294,0.5655068014089926,0.0022454580175690353,0.0028477267131503618,9569,4102
ideal_empty,0.2,WKNN,2.6670349577209307,3.104782595757046,2.390406092468927,4.887984805759387,0.39283263062903684,0.5565092525488786,0.0037149580020923167,0.003552017309171657,9569,4102
ideal_empty,0.2,RandomForest,2.528906822196871,2.923891197233505,2.2557466479209394,4.577409292247014,0.4546193204415828,0.6135230851256395,0.9192980419902597,0.009161983909533118,9569,4102
ideal_empty,0.2,LightGBM,2.464283912328189,2.8407366031786525,2.223239126899365,4.447622023594879,0.4877796879972027,0.6326350650686762,3.0690591250022408,0.008394543393646734,9569,4102
ideal_empty,0.2,CNN,2.4379623753751574,2.7814690052394972,2.2192059358963068,4.322092696220653,0.5134817319294339,0.6432923024481777,0.6499074159946758,0.0007391211549855445,9569,4102
complex_dynamic,0.0,KNN,2.4422933435170253,2.8492366842860606,2.147091055358389,4.459820624195552,0.5524640329083024,0.563270972853172,0.002259000000776723,0.00282898586132595,9569,4102
complex_dynamic,0.0,WKNN,2.472188144915807,2.89114312818409,2.1914356262265295,4.5079458235002035,0.5370301434537285,0.5524831366004423,0.0019261250272393227,0.0015435560733790094,9569,4102
complex_dynamic,0.0,RandomForest,2.373834877528422,2.755001890931617,2.118136928620259,4.3220307379590155,0.5857457680703755,0.5875502070316873,1.0985823330120184,0.00934802144721581,9569,4102
complex_dynamic,0.0,LightGBM,2.3226430950901342,2.6890131089808396,2.064419296181639,4.246814337172396,0.6029498842416119,0.6094538204922839,3.208304500003578,0.006883542657841627,9569,4102
complex_dynamic,0.0,CNN,2.262476113039221,2.613761413548812,2.011750659370274,4.074005758185756,0.6258446014012153,0.6300324492052347,0.6362752080021892,0.00017243637123269128,9569,4102
complex_dynamic,0.02,KNN,2.446163015419237,2.850006537947788,2.1931712199461306,4.455333881989094,0.5522323650750067,0.5630248147906314,0.0023878329957369715,0.0028592659633194365,9569,4102
complex_dynamic,0.02,WKNN,2.476777607475408,2.8931593628254966,2.19755478502403,4.498670901408726,0.5363361572794653,0.5519063441026124,0.0019125000108033419,0.0013724300343550557,9569,4102
complex_dynamic,0.02,RandomForest,2.3729013767658125,2.7502196111983648,2.1190033014838736,4.3292694594716865,0.5870335245039255,0.5891287305905528,0.8394963750033639,0.009796633594283432,9569,4102
complex_dynamic,0.02,LightGBM,2.332340567559705,2.6932101488742686,2.09537149714434,4.173705209128091,0.5991496942354567,0.6107711511118534,3.1919681670260616,0.00684576646060656,9569,4102
complex_dynamic,0.02,CNN,2.2695566628382187,2.6142644365315184,2.0374372990732637,4.042014328486352,0.6238681054223101,0.631706492704503,0.6400401669961866,0.00023280302268556928,9569,4102
complex_dynamic,0.05,KNN,2.472498386149878,2.8755831339277873,2.2072995149749493,4.500999876573684,0.5463594363814068,0.5529659485615237,0.002375083015067503,0.0014417866901742038,9569,4102
complex_dynamic,0.05,WKNN,2.4988059338464224,2.9140859001102077,2.226008224482229,4.529003155490393,0.5318144345289493,0.5432099904077843,0.0029811249987687916,0.001586725986594455,9569,4102
complex_dynamic,0.05,RandomForest,2.3912082527466514,2.7640792364547098,2.1427659298132875,4.316015044784044,0.5871601241166012,0.5807153730768868,0.8207439580000937,0.009209531934242577,9569,4102
complex_dynamic,0.05,LightGBM,2.338980752919166,2.6932326045361443,2.106923915163107,4.180703651793695,0.6031308834359336,0.6068116267830861,3.200745084002847,0.007204452950937872,9569,4102
complex_dynamic,0.05,CNN,2.2840993847548035,2.6238903718786233,2.0308137093019867,4.110835196619682,0.6217518991877465,0.6283362913896204,0.6407156670175027,0.00023246781779285149,9569,4102
complex_dynamic,0.1,KNN,2.4853881915867073,2.8843794278083936,2.220360331117452,4.500999876573684,0.5466477903397186,0.5471857145233188,0.0024540830054320395,0.005091997804569724,9569,4102
complex_dynamic,0.1,WKNN,2.520572620396939,2.929152762279154,2.255619022356102,4.572515204112759,0.5310274983319977,0.5344428241398609,0.0018039589922409505,0.004206027547322098,9569,4102
complex_dynamic,0.1,RandomForest,2.397402890190014,2.7625229343985613,2.162062330257134,4.279877766791544,0.5869502567709715,0.5818561304176971,0.9293785839981865,0.009074232079052816,9569,4102
complex_dynamic,0.1,LightGBM,2.3519760417374402,2.695378119119074,2.1150774690788667,4.170339775983859,0.5977896331913053,0.6108524684513821,3.2617286250169855,0.0076036586993574184,9569,4102
complex_dynamic,0.1,CNN,2.280900075132096,2.6211910185104665,2.0491330902793257,4.019146802996843,0.6263207204948409,0.6253427547428917,0.6408309580001514,0.00023890785266282442,9569,4102
complex_dynamic,0.2,KNN,2.5305921181955306,2.9194024713459936,2.2671568097509267,4.553239840319393,0.5311538883029527,0.5405015029964264,0.0024598749878350645,0.0029712944893304466,9569,4102
complex_dynamic,0.2,WKNN,2.560859522584674,2.9598115758939603,2.287797390869607,4.645894047055295,0.5197019171519301,0.5260902523821291,0.0020761660125572234,0.0013856960030073715,9569,4102
complex_dynamic,0.2,RandomForest,2.443778751815391,2.8067779073752246,2.2087513446785962,4.2989044368651275,0.5760056706516443,0.5659772762152914,0.8764953749778215,0.00923497684135114,9569,4102
complex_dynamic,0.2,LightGBM,2.3769163619780826,2.721915178006686,2.1716449758552683,4.184471956613861,0.5941434862792756,0.5988771251824273,3.218997791991569,0.0067177596336833656,9569,4102
complex_dynamic,0.2,CNN,2.301754171904,2.630538828736953,2.0774119800663104,4.028132310021081,0.6210143812540735,0.6252790410296885,0.636449374986114,0.0008898300835853675,9569,4102
