scenario,model,noise_ratio,mae_m,rmse_m,p90_m,mae_degrade_pct,rmse_degrade_pct,p90_degrade_pct
complex_dynamic,CNN,0.0,2.262476113039221,2.613761413548812,4.074005758185756,0.0,0.0,0.0
complex_dynamic,CNN,0.02,2.2695566628382187,2.6142644365315184,4.042014328486352,0.3129557814197746,0.019245175940659855,-0.7852573510757679
complex_dynamic,CNN,0.05,2.2840993847548035,2.6238903718786233,4.110835196619682,0.9557348071416999,0.3875242123212354,0.9040104658646201
complex_dynamic,CNN,0.1,2.280900075132096,2.6211910185104665,4.019146802996843,0.8143273640191406,0.28424954638714317,-1.3465605707278667
complex_dynamic,CNN,0.2,2.301754171904,2.630538828736953,4.028132310021081,1.7360651296342704,0.6418877829159484,-1.1260035180977013
complex_dynamic,KNN,0.0,2.4422933435170253,2.8492366842860606,4.459820624195552,0.0,0.0,0.0
complex_dynamic,KNN,0.02,2.446163015419237,2.850006537947788,4.455333881989094,0.15844418986291894,0.027019645857200965,-0.10060364719864412
complex_dynamic,KNN,0.05,2.472498386149878,2.8755831339277873,4.500999876573684,1.2367491690967827,0.9246844878500646,0.9233387583959171
complex_dynamic,KNN,0.1,2.4853881915867073,2.8843794278083936,4.500999876573684,1.7645238310162714,1.2334090641240931,0.9233387583959171
complex_dynamic,KNN,0.2,2.5305921181955306,2.9194024713459936,4.553239840319393,3.615404141066472,2.462617003596338,2.094685504098992
complex_dynamic,LightGBM,0.0,2.3226430950901342,2.6890131089808396,4.246814337172396,0.0,0.0,0.0
complex_dynamic,LightGBM,0.02,2.332340567559705,2.6932101488742686,4.173705209128091,0.4175188383471511,0.15608104993655933,-1.7215051622196136
complex_dynamic,LightGBM,0.05,2.338980752919166,2.6932326045361443,4.180703651793695,0.703408020955442,0.15691613927847273,-1.5567123996929688
complex_dynamic,LightGBM,0.1,2.3519760417374402,2.695378119119074,4.170339775983859,1.2629123565869123,0.23670431791412222,-1.8007512247275608
complex_dynamic,LightGBM,0.2,2.3769163619780826,2.721915178006686,4.184471956613861,2.336702828027147,1.223574140117024,-1.4679798929011736
complex_dynamic,RandomForest,0.0,2.373834877528422,2.755001890931617,4.3220307379590155,0.0,0.0,0.0
complex_dynamic,RandomForest,0.02,2.3729013767658125,2.7502196111983648,4.3292694594716865,-0.03932458704041746,-0.1735853521187614,0.16748426727037458
complex_dynamic,RandomForest,0.05,2.3912082527466514,2.7640792364547098,4.316015044784044,0.7318695745307351,0.3294859997364016,-0.139186728177044
complex_dynamic,RandomForest,0.1,2.397402890190014,2.7625229343985613,4.279877766791544,0.9928244329332073,0.27299594572695923,-0.9753047519365247
complex_dynamic,RandomForest,0.2,2.443778751815391,2.8067779073752246,4.2989044368651275,2.9464506966799955,1.8793459494178177,-0.5350795146081935
complex_dynamic,WKNN,0.0,2.472188144915807,2.89114312818409,4.5079458235002035,0.0,0.0,0.0
complex_dynamic,WKNN,0.02,2.476777607475408,2.8931593628254966,4.498670901408726,0.18564374111410198,0.06973831982759462,-0.20574608601387023
complex_dynamic,WKNN,0.05,2.4988059338464224,2.9140859001102077,4.529003155490393,1.0766894496018178,0.793553653655602,0.467115906327372
complex_dynamic,WKNN,0.1,2.520572620396939,2.929152762279154,4.572515204112759,1.9571518284576197,1.3146922310601004,1.4323459762083015
complex_dynamic,WKNN,0.2,2.560859522584674,2.9598115758939603,4.645894047055295,3.58675685146475,2.37513138109494,3.060112719987867
ideal_empty,CNN,0.0,2.3636575213155844,2.7402307961472454,4.350731145516179,0.0,0.0,0.0
ideal_empty,CNN,0.02,2.368156554062582,2.748760928405735,4.331644472209707,0.19034198932904117,0.3112924747244924,-0.43870036249293526
ideal_empty,CNN,0.05,2.3691214969266228,2.7470671693008,4.325106027134829,0.23116612968520123,0.24948165545641193,-0.5889841850549381
ideal_empty,CNN,0.1,2.398171594567819,2.76173741312533,4.34798834542461,1.460197720735131,0.7848469190377275,-0.06304227955791217
ideal_empty,CNN,0.2,2.4379623753751574,2.7814690052394972,4.322092696220653,3.1436387627855567,1.5049173649983285,-0.6582445188561137
ideal_empty,KNN,0.0,2.5393756538275993,3.0003542777972805,4.859114350305629,0.0,0.0,0.0
ideal_empty,KNN,0.02,2.5466614262629075,3.007241831230809,4.826903759493528,0.2869119590213565,0.2295580053494605,-0.662890158369594
ideal_empty,KNN,0.05,2.5493747920426637,3.0000102327853666,4.870164118610955,0.39376364816259773,-0.011466812918054983,0.2274029279560149
ideal_empty,KNN,0.1,2.5735569444963957,3.0265425705532767,4.867939287206934,1.34605097191016,0.8728400159204676,0.18161616017020946
ideal_empty,KNN,0.2,2.6299183722631403,3.0647230133190386,4.864202564299068,3.565550386334766,2.145371164935051,0.10471484362409972
ideal_empty,LightGBM,0.0,2.4030645434255202,2.808044595372783,4.420932050603682,0.0,0.0,0.0
ideal_empty,LightGBM,0.02,2.4111480575934645,2.8112294982716426,4.452653091973987,0.3363835644806026,0.11342066661291542,0.7175193150949691
ideal_empty,LightGBM,0.05,2.4227516749439246,2.815035026373185,4.444101839404377,0.8192510505914581,0.24894301934952245,0.5240928504551737
ideal_empty,LightGBM,0.1,2.427620123043871,2.8201389560614123,4.476093295096079,1.0218443647521631,0.43070401049039847,1.2477288467906829
ideal_empty,LightGBM,0.2,2.464283912328189,2.8407366031786525,4.447622023594879,2.547554083395604,1.1642268025137839,0.6037182360120779
ideal_empty,RandomForest,0.0,2.4505395916441595,2.871934156158101,4.558796014595305,0.0,0.0,0.0
ideal_empty,RandomForest,0.02,2.4534311409156486,2.8739271143835428,4.566715245442409,0.11799643153486487,0.06939428681428103,0.17371320896461168
ideal_empty,RandomForest,0.05,2.4633086935750574,2.876744525146899,4.592637074233483,0.5210730720057741,0.16749579646466334,0.7423244981752661
ideal_empty,RandomForest,0.1,2.483242427239176,2.89445229690835,4.58322409453984,1.3345157004003014,0.7840758013885822,0.5358449877188531
ideal_empty,RandomForest,0.2,2.528906822196871,2.923891197233505,4.577409292247014,3.197958148479949,1.8091306502969673,0.40829371597496633
ideal_empty,WKNN,0.0,2.5703150289055405,3.0352291192992644,4.82474866239926,0.0,0.0,0.0
ideal_empty,WKNN,0.02,2.5770774547464272,3.040306801300377,4.814832190108399,0.26309715987484233,0.16729155531707415,-0.20553344815955324
ideal_empty,WKNN,0.05,2.579384258847756,3.035054404100525,4.837392443148907,0.35284507308339585,-0.005756244153969348,0.2620609203580642
ideal_empty,WKNN,0.1,2.609966167128956,3.069930087302297,4.845316451362211,1.5426567474220947,1.1432734281043047,0.4262976250605925
ideal_empty,WKNN,0.2,2.6670349577209307,3.104782595757046,4.887984805759387,3.762960093517184,2.291539574904951,1.3106619180589625
